{"videos": {"_type": "video-file", "path": "media/videos/videos_9_0c2fb4a1f585a6eea099.mp4", "sha256": "0c2fb4a1f585a6eea099ebfb1e2628275fb6ceba37f24346bc2a0c309ffacaad", "size": 296302}, "_runtime": 17091, "_timestamp": 1636613872.6390204, "_step": 17325, "global_step": 9999360, "charts/episodic_return": 390.0, "charts/episodic_length": 7913.0, "charts/learning_rate": 2.5601638142802585e-08, "losses/value_loss": 0.06387928128242493, "losses/policy_loss": -6.407499313354492e-06, "losses/entropy": 0.7962713241577148, "losses/approx_kl": -3.841705620288849e-09, "losses/clipfrac": 0.0, "losses/explained_variance": 0.9632457494735718, "charts/SPS": 585.0, "_wandb": {"runtime": 17093}}