{"videos": {"_type": "video-file", "path": "media/videos/videos_4_508eb4fa720d7b8ac2de.mp4", "sha256": "508eb4fa720d7b8ac2debf57607d7b8f85bb856d8b743cc0f8a05bbb81b38b9e", "size": 5289}, "_runtime": 18, "_timestamp": 1636560440.5119905, "_step": 476, "global_step": 24576, "charts/episodic_return": 61.0, "charts/episodic_length": 61.0, "charts/learning_rate": 5.208333277550992e-06, "losses/value_loss": 61.55455780029297, "losses/policy_loss": -2.5115907192230225e-05, "losses/entropy": 0.6038641333580017, "losses/approx_kl": 1.816079020500183e-08, "losses/clipfrac": 0.0, "losses/explained_variance": 0.047063589096069336, "charts/SPS": 1598.0, "_wandb": {"runtime": 20}}